source,config,powerline_hz,artifact,target_snr_db,actual_input_snr_db,output_snr_db,snr_improvement_db,rmse_mv,heart_rate_bpm,sqi,tp,fp,fn,precision,recall,f1,mean_abs_timing_error_ms,bias_timing_error_ms
synthetic,balanced,50.0,all,-5,-5.0000000000000275,-1.0563388887779366,3.9436611112220907,0.2454813704275606,74.07930012699308,0.6110002599581803,34,2,1,0.9444444444444444,0.9714285714285714,0.9577464788732395,2.235294117647059,-0.35294117647058826
synthetic,aggressive,50.0,all,-5,-5.0000000000000275,-0.07678012632009004,4.923219873679938,0.21930099442217618,69.83634311512415,0.6593777722643426,34,0,1,1.0,0.9714285714285714,0.9855072463768115,2.235294117647059,-0.5882352941176471
synthetic,balanced,50.0,baseline,-5,-5.00000000000003,0.4511207110910947,5.451120711091125,0.20636952241832918,74.07930012699309,0.5620128926202943,31,5,4,0.8611111111111112,0.8857142857142857,0.8732394366197184,3.4838709677419355,-0.12903225806451613
synthetic,aggressive,50.0,baseline,-5,-5.00000000000003,1.5283292679052627,6.528329267905293,0.18229935467179142,74.07930012699309,0.6328063147363778,34,2,1,0.9444444444444444,0.9714285714285714,0.9577464788732395,3.5294117647058822,-0.9411764705882353
synthetic,balanced,50.0,motion,-5,-5.0000000000000275,-1.4881482154226213,3.511851784577406,0.25799364325644186,80.56741495661754,0.5587958890142171,33,7,2,0.825,0.9428571428571428,0.88,3.878787878787879,0.24242424242424243
synthetic,aggressive,50.0,motion,-5,-5.0000000000000275,-0.4258879936371656,4.574112006362862,0.22829478682062532,78.32345469940728,0.6079498957102798,34,4,1,0.8947368421052632,0.9714285714285714,0.9315068493150684,2.823529411764706,-0.7058823529411765
synthetic,balanced,50.0,impulse,-5,-5.0000000000000275,-0.24408279643622804,4.7559172035638,0.22356598863833066,70.24793388429752,0.5062899839866302,27,8,8,0.7714285714285715,0.7714285714285715,0.7714285714285715,3.8518518518518516,0.2962962962962963
synthetic,aggressive,50.0,impulse,-5,-5.0000000000000275,0.7756513011090937,5.7756513011091215,0.1988012128506975,82.99903167796377,0.5898362410488991,34,7,1,0.8292682926829268,0.9714285714285714,0.8947368421052632,2.9411764705882355,-0.35294117647058826
synthetic,balanced,50.0,all,0,-9.064678185600992e-14,1.147089666870435,1.1470896668705255,0.19047900392277609,71.98306280875089,0.856734259389504,35,0,0,1.0,1.0,1.0,0.8,-0.5714285714285714
synthetic,aggressive,50.0,all,0,-9.064678185600992e-14,2.042206803297389,2.0422068032974794,0.17182693941955082,71.98306280875089,0.8593792961563878,35,0,0,1.0,1.0,1.0,1.0285714285714285,-0.8
synthetic,balanced,50.0,baseline,0,-9.161110932256325e-14,4.305393500124241,4.305393500124333,0.13241339466948418,71.9830628087509,0.7866066188989511,35,0,0,1.0,1.0,1.0,1.1428571428571428,-0.22857142857142856
synthetic,aggressive,50.0,baseline,0,-9.161110932256325e-14,4.74837596563267,4.7483759656327615,0.12582959431259383,71.98306280875087,0.8224095952951969,35,0,0,1.0,1.0,1.0,1.2571428571428571,-0.5714285714285714
synthetic,balanced,50.0,motion,0,-9.112894558928659e-14,0.6702220519342408,0.6702220519343319,0.20122896436442173,71.96274869479328,0.8145105451279957,35,0,0,1.0,1.0,1.0,1.0285714285714285,-0.34285714285714286
synthetic,aggressive,50.0,motion,0,-9.112894558928659e-14,1.4170365652958008,1.4170365652958918,0.18465019320951687,71.97290431837428,0.8363269175621946,35,0,0,1.0,1.0,1.0,0.9142857142857143,-0.45714285714285713
synthetic,balanced,50.0,impulse,0,-9.064678185600992e-14,3.2870505416679183,3.287050541668009,0.1488843562977628,71.97290431837426,0.7619923914523324,35,0,0,1.0,1.0,1.0,1.8285714285714285,-0.22857142857142856
synthetic,aggressive,50.0,impulse,0,-9.064678185600992e-14,4.048027240251467,4.048027240251558,0.13639555982207194,71.97290431837428,0.800713815432883,35,0,0,1.0,1.0,1.0,0.8,-0.11428571428571428
synthetic,balanced,50.0,all,5,4.999999999999711,4.05184416176031,-0.9481558382394013,0.13633563541640575,71.97290431837428,0.8742456502159947,35,0,0,1.0,1.0,1.0,0.11428571428571428,0.11428571428571428
synthetic,aggressive,50.0,all,5,4.999999999999711,4.4133553195805355,-0.5866446804191758,0.13077774022567468,71.97290431837428,0.878298350740276,35,0,0,1.0,1.0,1.0,0.45714285714285713,-0.22857142857142856
synthetic,balanced,50.0,baseline,5,4.99999999999971,6.36289602191377,1.36289602191406,0.10448568483650093,71.97290431837428,0.896633748461573,35,0,0,1.0,1.0,1.0,0.0,0.0
synthetic,aggressive,50.0,baseline,5,4.99999999999971,6.300090061799699,1.300090061799989,0.10524393836645883,71.97290431837428,0.8953185780644914,35,0,0,1.0,1.0,1.0,0.22857142857142856,-0.22857142857142856
synthetic,balanced,50.0,motion,5,4.999999999999709,3.3010656505875975,-1.6989343494121112,0.14864431779605478,71.97290431837428,0.8668879875048916,35,0,0,1.0,1.0,1.0,0.22857142857142856,0.0
synthetic,aggressive,50.0,motion,5,4.999999999999709,3.816518248544747,-1.1834817514549618,0.14007985458831007,71.97290431837428,0.8725593376030785,35,0,0,1.0,1.0,1.0,0.6857142857142857,-0.45714285714285713
synthetic,balanced,50.0,impulse,5,4.999999999999709,5.273234258383357,0.27323425838364823,0.11845131371982928,71.97290431837428,0.8141903682090805,35,0,0,1.0,1.0,1.0,0.45714285714285713,-0.22857142857142856
synthetic,aggressive,50.0,impulse,5,4.999999999999709,5.5147626100763105,0.5147626100766018,0.11520291391686313,71.97290431837428,0.8449107024544373,35,0,0,1.0,1.0,1.0,0.5714285714285714,-0.34285714285714286
synthetic,balanced,50.0,all,10,9.99999999999908,5.610491192888391,-4.389508807110689,0.11394021510969729,71.97290431837428,0.8921211722701086,35,0,0,1.0,1.0,1.0,0.22857142857142856,-0.22857142857142856
synthetic,aggressive,50.0,all,10,9.99999999999908,5.7253468331632,-4.27465316683588,0.11244347351367734,71.97290431837428,0.8942680801154823,35,0,0,1.0,1.0,1.0,0.22857142857142856,-0.22857142857142856
synthetic,balanced,50.0,baseline,10,9.999999999999082,6.361538633400302,-3.6384613665987793,0.10450201462619144,71.97290431837428,0.8966594970497255,35,0,0,1.0,1.0,1.0,0.0,0.0
synthetic,aggressive,50.0,baseline,10,9.999999999999082,6.300176914997639,-3.6998230850014426,0.10524288600138271,71.97290431837428,0.895348596914143,35,0,0,1.0,1.0,1.0,0.22857142857142856,-0.22857142857142856
synthetic,balanced,50.0,motion,10,9.999999999999078,5.1471546798555785,-4.8528453201435,0.12018322693196076,71.97290431837428,0.8843252267007593,35,0,0,1.0,1.0,1.0,0.11428571428571428,0.11428571428571428
synthetic,aggressive,50.0,motion,10,9.999999999999078,5.370902947670869,-4.629097052328209,0.11712684561259745,71.97290431837428,0.8880835065894508,35,0,0,1.0,1.0,1.0,0.11428571428571428,0.11428571428571428
synthetic,balanced,50.0,impulse,10,9.99999999999908,6.115914354519689,-3.8840856454793906,0.1074993595730495,74.08975444538528,0.8034553460152645,35,1,0,0.9722222222222222,1.0,0.9859154929577464,0.45714285714285713,-0.45714285714285713
synthetic,aggressive,50.0,impulse,10,9.99999999999908,6.130615203264913,-3.869384796734167,0.10731757102965074,71.97290431837428,0.8900104128685071,35,0,0,1.0,1.0,1.0,0.34285714285714286,-0.34285714285714286
synthetic,balanced,50.0,all,20,19.99999999999081,6.282810184068914,-13.717189815921895,0.10545352110863183,71.97290431837428,0.8961454061289172,35,0,0,1.0,1.0,1.0,0.0,0.0
synthetic,aggressive,50.0,all,20,19.99999999999081,6.240475061964117,-13.759524938026692,0.10596875734971058,71.97290431837428,0.8964816717474782,35,0,0,1.0,1.0,1.0,0.22857142857142856,-0.22857142857142856
synthetic,balanced,50.0,baseline,20,19.999999999990806,6.359813327196919,-13.640186672793886,0.1045227742592726,71.97290431837428,0.8966626201675232,35,0,0,1.0,1.0,1.0,0.0,0.0
synthetic,aggressive,50.0,baseline,20,19.999999999990806,6.300118067258206,-13.6998819327326,0.105243599034494,71.97290431837428,0.8951474159414455,35,0,0,1.0,1.0,1.0,0.22857142857142856,-0.22857142857142856
synthetic,balanced,50.0,motion,20,19.999999999990806,6.227869350565776,-13.77213064942503,0.10612265999176658,71.97290431837428,0.896045364328133,35,0,0,1.0,1.0,1.0,0.0,0.0
synthetic,aggressive,50.0,motion,20,19.999999999990806,6.191716910248488,-13.808283089742318,0.10656528460727294,71.97290431837428,0.8961394859551736,35,0,0,1.0,1.0,1.0,0.11428571428571428,-0.11428571428571428
synthetic,balanced,50.0,impulse,20,19.99999999999081,6.340580796687196,-13.659419203303614,0.10475446781436229,71.97290431837428,0.8963359332521117,35,0,0,1.0,1.0,1.0,0.0,0.0
synthetic,aggressive,50.0,impulse,20,19.99999999999081,6.285982818155099,-13.714017181835711,0.10541500987319506,71.97290431837428,0.8944624506217894,35,0,0,1.0,1.0,1.0,0.22857142857142856,-0.22857142857142856
synthetic,balanced,60.0,all,-5,-5.00000000000003,-1.2448604114049613,3.755139588595069,0.25086762323413275,72.34394377842084,0.5852321429087108,31,5,4,0.8611111111111112,0.8857142857142857,0.8732394366197184,3.4838709677419355,0.9032258064516129
synthetic,aggressive,60.0,all,-5,-5.00000000000003,-0.32696693460936044,4.67303306539067,0.22570955337909873,74.41091360066143,0.696759996497357,34,3,1,0.918918918918919,0.9714285714285714,0.9444444444444445,1.8823529411764706,0.47058823529411764
synthetic,balanced,60.0,baseline,-5,-5.0000000000000275,-0.021004072244274627,4.9789959277557525,0.217897274623813,81.0153929246557,0.5160872239783536,31,10,4,0.7560975609756098,0.8857142857142857,0.8157894736842105,2.967741935483871,-0.3870967741935484
synthetic,aggressive,60.0,baseline,-5,-5.0000000000000275,1.19254037347417,6.1925403734741975,0.1894848865312662,76.42522721013496,0.6630476325587724,35,3,0,0.9210526315789473,1.0,0.958904109589041,2.1714285714285713,-0.34285714285714286
synthetic,balanced,60.0,motion,-5,-5.0000000000000275,-1.4207505597000578,3.5792494402999697,0.25599950329113713,71.97290431837426,0.5314065088560862,30,5,5,0.8571428571428571,0.8571428571428571,0.8571428571428571,3.2,0.26666666666666666
synthetic,aggressive,60.0,motion,-5,-5.0000000000000275,-0.4986916156055511,4.501308384394476,0.23021635604798985,72.08567897844296,0.7794115475500392,35,1,0,0.9722222222222222,1.0,0.9859154929577464,2.857142857142857,-0.11428571428571428
synthetic,balanced,60.0,impulse,-5,-5.0000000000000275,-0.4360743691348602,4.5639256308651674,0.22856267654357243,61.669179114704676,0.47171679138958833,25,6,10,0.8064516129032258,0.7142857142857143,0.7575757575757576,3.84,0.96
synthetic,aggressive,60.0,impulse,-5,-5.0000000000000275,0.8300198301795383,5.830019830179566,0.19756072132484157,74.68712151796528,0.6829828834678702,34,4,1,0.8947368421052632,0.9714285714285714,0.9315068493150684,2.4705882352941178,-0.35294117647058826
synthetic,balanced,60.0,all,0,-9.112894558928659e-14,1.842589217675734,1.842589217675825,0.17582156191228426,71.97290431837428,0.8592584315410903,35,0,0,1.0,1.0,1.0,0.45714285714285713,-0.22857142857142856
synthetic,aggressive,60.0,all,0,-9.112894558928659e-14,2.542893403085902,2.542893403085993,0.16220226877133942,71.97290431837426,0.8641237249211826,35,0,0,1.0,1.0,1.0,0.34285714285714286,-0.34285714285714286
synthetic,balanced,60.0,baseline,0,-9.064678185600992e-14,4.309544875654349,4.3095448756544394,0.13235012350121725,71.98306280875089,0.7833490737032276,35,0,0,1.0,1.0,1.0,1.2571428571428571,0.5714285714285714
synthetic,aggressive,60.0,baseline,0,-9.064678185600992e-14,4.75615803731177,4.75615803731186,0.12571690851607425,71.97290431837428,0.8189423053576916,35,0,0,1.0,1.0,1.0,0.8,-0.34285714285714286
synthetic,balanced,60.0,motion,0,-9.064678185600992e-14,1.0867050720760043,1.086705072076095,0.19180783400192974,71.97290431837426,0.8164961534848073,35,0,0,1.0,1.0,1.0,1.0285714285714285,-0.34285714285714286
synthetic,aggressive,60.0,motion,0,-9.064678185600992e-14,2.057998327930508,2.0579983279305987,0.1715148304273463,71.97290431837428,0.8379352529732262,35,0,0,1.0,1.0,1.0,1.1428571428571428,-0.45714285714285713
synthetic,balanced,60.0,impulse,0,-9.161110932256325e-14,3.3646806907213502,3.3646806907214417,0.14755963087053148,71.97290431837428,0.7636872830008767,35,0,0,1.0,1.0,1.0,2.057142857142857,-0.45714285714285713
synthetic,aggressive,60.0,impulse,0,-9.161110932256325e-14,4.042615030438786,4.042615030438878,0.1364805748814179,71.97290431837428,0.7985751615832968,35,0,0,1.0,1.0,1.0,0.8,-0.34285714285714286
synthetic,balanced,60.0,all,5,4.99999999999971,4.164802383335006,-0.8351976166647033,0.13457409735784354,71.97290431837428,0.8767460573080563,35,0,0,1.0,1.0,1.0,0.5714285714285714,-0.5714285714285714
synthetic,aggressive,60.0,all,5,4.99999999999971,4.601393991651787,-0.39860600834792237,0.12797699108574623,71.97290431837428,0.8803690864074198,35,0,0,1.0,1.0,1.0,0.6857142857142857,-0.45714285714285713
synthetic,balanced,60.0,baseline,5,4.999999999999709,6.362488878245291,1.362488878245582,0.1044905826286495,71.97290431837428,0.8966343798608816,35,0,0,1.0,1.0,1.0,0.0,0.0
synthetic,aggressive,60.0,baseline,5,4.999999999999709,6.300232432974811,1.3002324329751023,0.10524221331801774,71.97290431837428,0.8953253152384371,35,0,0,1.0,1.0,1.0,0.22857142857142856,-0.22857142857142856
synthetic,balanced,60.0,motion,5,4.99999999999971,3.5804087402968325,-1.419591259702877,0.14393988708428765,71.97290431837428,0.8692893829173084,35,0,0,1.0,1.0,1.0,0.22857142857142856,0.0
synthetic,aggressive,60.0,motion,5,4.99999999999971,4.092345838863472,-0.9076541611362376,0.13570139204342307,71.97290431837428,0.8749156548941286,35,0,0,1.0,1.0,1.0,0.45714285714285713,-0.45714285714285713
synthetic,balanced,60.0,impulse,5,4.999999999999709,5.244770086978203,0.24477008697849456,0.11884012237079704,71.97290431837428,0.8174196966070311,35,0,0,1.0,1.0,1.0,1.1428571428571428,-0.22857142857142856
synthetic,aggressive,60.0,impulse,5,4.999999999999709,5.467546226693162,0.4675462266934529,0.11583086067117969,71.97290431837428,0.8483506341898321,35,0,0,1.0,1.0,1.0,0.8,-0.11428571428571428
synthetic,balanced,60.0,all,10,9.99999999999908,5.413243530229126,-4.586756469769954,0.11655728377192276,71.97290431837428,0.8909072021544971,35,0,0,1.0,1.0,1.0,0.11428571428571428,0.11428571428571428
synthetic,aggressive,60.0,all,10,9.99999999999908,5.58412870624519,-4.41587129375389,0.1142865596370247,71.97290431837428,0.8927766102067689,35,0,0,1.0,1.0,1.0,0.11428571428571428,0.11428571428571428
synthetic,balanced,60.0,baseline,10,9.99999999999908,6.361420277683503,-3.638579722315577,0.10450343860181525,71.97290431837428,0.896656622747146,35,0,0,1.0,1.0,1.0,0.0,0.0
synthetic,aggressive,60.0,baseline,10,9.99999999999908,6.300285615687096,-3.699714384311984,0.10524156893391327,71.97290431837428,0.8951500811405538,35,0,0,1.0,1.0,1.0,0.22857142857142856,-0.22857142857142856
synthetic,balanced,60.0,motion,10,9.99999999999908,5.13456958398569,-4.86543041601339,0.12035748815081516,71.97290431837428,0.8867812776681154,35,0,0,1.0,1.0,1.0,0.0,0.0
synthetic,aggressive,60.0,motion,10,9.99999999999908,5.426046553591307,-4.5739534464077725,0.11638560459879493,71.97290431837428,0.8893964882584788,35,0,0,1.0,1.0,1.0,0.22857142857142856,-0.22857142857142856
synthetic,balanced,60.0,impulse,10,9.999999999999082,6.127123192703473,-3.872876807295609,0.10736072486291993,71.97290431837428,0.8816291472676829,35,0,0,1.0,1.0,1.0,0.34285714285714286,-0.34285714285714286
synthetic,aggressive,60.0,impulse,10,9.999999999999082,6.1295886294718605,-3.870411370527221,0.10733025550080898,71.97290431837428,0.8900521496212802,35,0,0,1.0,1.0,1.0,0.5714285714285714,-0.34285714285714286
synthetic,balanced,60.0,all,20,19.999999999990806,6.274675976198577,-13.72532402379223,0.10555232303590753,71.97290431837428,0.897037435108107,35,0,0,1.0,1.0,1.0,0.22857142857142856,-0.22857142857142856
synthetic,aggressive,60.0,all,20,19.999999999990806,6.235960013280042,-13.764039986710763,0.10602385573266632,71.97290431837428,0.8959885269575,35,0,0,1.0,1.0,1.0,0.22857142857142856,-0.22857142857142856
synthetic,balanced,60.0,baseline,20,19.999999999990806,6.359808143449658,-13.640191856541147,0.10452283663858308,71.97290431837428,0.896661829072052,35,0,0,1.0,1.0,1.0,0.0,0.0
synthetic,aggressive,60.0,baseline,20,19.999999999990806,6.30016270176152,-13.699837298229285,0.10524305821669684,71.97290431837428,0.8951482613695634,35,0,0,1.0,1.0,1.0,0.22857142857142856,-0.22857142857142856
synthetic,balanced,60.0,motion,20,19.99999999999081,6.219719959636708,-13.7802800403541,0.10622227452915904,71.97290431837428,0.8977675582206592,35,0,0,1.0,1.0,1.0,0.0,0.0
synthetic,aggressive,60.0,motion,20,19.99999999999081,6.188806139884121,-13.811193860106687,0.1066010021981222,71.97290431837428,0.8969930566952569,35,0,0,1.0,1.0,1.0,0.34285714285714286,-0.34285714285714286
synthetic,balanced,60.0,impulse,20,19.99999999999081,6.340772721278464,-13.659227278712345,0.10475215317105721,71.97290431837428,0.8963148628195499,35,0,0,1.0,1.0,1.0,0.0,0.0
synthetic,aggressive,60.0,impulse,20,19.99999999999081,6.286311424575918,-13.713688575414892,0.10541102186559978,71.97290431837428,0.8959967131822255,35,0,0,1.0,1.0,1.0,0.22857142857142856,-0.22857142857142856
